{"cacheVersion":41,"page":{"id":"16fcb268-b11e-4533-b79f-5bbd16dcaf26","paths":{"en":"test","default":"test"},"cmsDataSetPath":null,"workflows":[]},"sections":{"fa4a726e-3d9e-4c51-a837-ac1156ecd583":{"uid":"fa4a726e-3d9e-4c51-a837-ac1156ecd583","linkId":"0a863eda-2dd3-4b7d-b1de-f97a1b50d128","_state":{"style":{"default":{}}},"content":{"default":{"wwObjects":[{"uid":"a42a4550-8251-4106-b450-68a22190db7c","isWwObject":true}],"_ww-layout_alignItems":"flex-start","_ww-layout_flexDirection":"column"}},"sectionBaseId":"99586bd3-2b15-4d6b-a025-6a50d07ca845","sectionTitle":"Section"}},"wwObjects":{"a42a4550-8251-4106-b450-68a22190db7c":{"uid":"a42a4550-8251-4106-b450-68a22190db7c","_state":{"style":{"default":{"height":"600px","aspectRatio":"unset"}},"interactions":[{"id":"b85d5da8-b9ec-48f4-8ee3-aa1b64cfe7ac","actions":{"502268cf-9ba4-4bb1-b273-dc83f6a0a0e0":{"id":"502268cf-9ba4-4bb1-b273-dc83f6a0a0e0","type":"return","value":{"code":"event?.['image']","__wwtype":"f"}}},"trigger":"upload","firstAction":"502268cf-9ba4-4bb1-b273-dc83f6a0a0e0","triggerConditions":null}]},"content":{"default":{"minHeight":"300px","showBorder":true,"uploadText":"Drop images here","borderColor":"#ddd","borderRadius":"8px","uploadSubtext":"or drag and drop files","backgroundColor":"#f5f5f5","resetButtonText":"Reset Canvas","deleteButtonText":"Delete","backgroundPattern":null}},"name":null,"wwObjectBaseId":"a66db6c1-6260-4d97-9f48-c866b882b7d8","libraryComponentBaseId":null,"parentSectionId":"fa4a726e-3d9e-4c51-a837-ac1156ecd583"}},"collections":[],"variables":[],"workflows":[],"formulas":[],"libraryComponents":[]}