{"cacheVersion":41,"page":{"id":"5d12ae1d-908a-4081-b7f2-08245b9f491b","paths":{"en":"00","default":"00"},"cmsDataSetPath":null,"workflows":[]},"sections":{"d5fc7c0f-b075-4898-8fdc-ab51a37c6450":{"uid":"d5fc7c0f-b075-4898-8fdc-ab51a37c6450","linkId":"2a5d5a24-035c-43de-a647-5904c9fa8ba0","_state":{"style":{"default":{}}},"content":{"default":{"wwObjects":[{"uid":"0d71788f-ef59-40a1-8410-9af9f2f0e669","isWwObject":true}],"_ww-layout_alignItems":"flex-start","_ww-layout_flexDirection":"column"}},"sectionBaseId":"99586bd3-2b15-4d6b-a025-6a50d07ca845","sectionTitle":"Section"}},"wwObjects":{"4570a1e6-89e9-476a-a5d1-8d1d5429b94d":{"uid":"4570a1e6-89e9-476a-a5d1-8d1d5429b94d","_state":{"style":{"default":{"width":"32px","height":"32px"}},"states":[],"interactions":[]},"content":{"default":{"icon":"lucide/clipboard-list","color":"#3b82f6"}},"name":"List Icon","wwObjectBaseId":"1b1e2173-9b78-42cc-a8ee-a6167caea340","libraryComponentBaseId":null,"parentSectionId":"d5fc7c0f-b075-4898-8fdc-ab51a37c6450"},"e81a6811-f890-40f9-a1be-68df058d636d":{"uid":"e81a6811-f890-40f9-a1be-68df058d636d","_state":{"style":{"default":{"width":"100%","display":"flex"}},"states":[],"interactions":[]},"content":{"default":{"children":[{"uid":"c6eed79f-9de5-4836-aff4-b09ef52402df","isWwObject":true},{"uid":"8d2abd7c-f4ed-405e-a5f2-65715db4311e","isWwObject":true}],"_ww-layout_rowGap":"16px","_ww-layout_columnGap":"16px","_ww-layout_flexDirection":"column"}},"name":"Header Content","wwObjectBaseId":"b783dc65-d528-4f74-8c14-e27c934c39b1","libraryComponentBaseId":null,"parentSectionId":"d5fc7c0f-b075-4898-8fdc-ab51a37c6450"},"286bb2da-b046-440b-8b00-bce5845056f2":{"uid":"286bb2da-b046-440b-8b00-bce5845056f2","_state":{"style":{"default":{"width":"20px","height":"20px"}},"states":[],"interactions":[]},"content":{"default":{"icon":"lucide/info","color":"#64748b"}},"name":"Info Icon","wwObjectBaseId":"1b1e2173-9b78-42cc-a8ee-a6167caea340","libraryComponentBaseId":null,"parentSectionId":"d5fc7c0f-b075-4898-8fdc-ab51a37c6450"},"e443d391-45f5-4a0f-986d-ef98a62953da":{"uid":"e443d391-45f5-4a0f-986d-ef98a62953da","_state":{"style":{"default":{"display":"flex","padding":"16px 24px","boxShadow":"0 2px 8px rgba(0,0,0,0.08)","borderRadius":"12px","backgroundColor":"#ffffff"}},"states":[],"interactions":[]},"content":{"default":{"children":[{"uid":"42ceaf8a-8160-4b54-8b75-94b812ed1837","isWwObject":true},{"uid":"aa2ee7c1-c860-4f06-b023-93dcf794af8e","isWwObject":true}],"_ww-layout_columnGap":"16px","_ww-layout_alignItems":"center"}},"name":"Date Range Section","wwObjectBaseId":"b783dc65-d528-4f74-8c14-e27c934c39b1","libraryComponentBaseId":null,"parentSectionId":"d5fc7c0f-b075-4898-8fdc-ab51a37c6450"},"758f1446-5477-4e6b-a31e-f2bebb0f5b0f":{"uid":"758f1446-5477-4e6b-a31e-f2bebb0f5b0f","_state":{"style":{"default":{"margin":"0"}},"states":[],"interactions":[]},"content":{"default":{"tag":"p","text":{"de":"Zeitraum","en":"Date Range"},"_ww-text_text":{"de":"Zeitraum","en":"Date Range"},"_ww-text_color":"#64748B","_ww-text_fontSize":"13px","_ww-text_fontWeight":"500"}},"name":"Date Label","wwObjectBaseId":"d7904e9d-fc9a-4d80-9e32-728e097879ad","libraryComponentBaseId":null,"parentSectionId":"d5fc7c0f-b075-4898-8fdc-ab51a37c6450"},"7965a504-effe-4cb3-a61c-fbe85c27a566":{"uid":"7965a504-effe-4cb3-a61c-fbe85c27a566","_state":{"style":{"default":{"margin":"0"},"_wwHover_default":{}},"states":[],"interactions":[]},"content":{"default":{"tag":"p","text":{"de":{"code":"context.item.data?.preview || 'Datum auswählen'","__wwtype":"f"},"en":{"code":"context.item.data?.preview || 'Select date'","__wwtype":"f"}},"_ww-text_text":{"de":{"code":"context.item.data?.preview || 'Datum auswählen'","__wwtype":"f"},"en":{"code":"context.item.data?.preview || 'Select date'","__wwtype":"f"}},"_ww-text_color":"#1E293B","_ww-text_fontSize":"15px","_ww-text_fontWeight":"500"},"_wwHover_default":{}},"name":"Date Range Text","wwObjectBaseId":"d7904e9d-fc9a-4d80-9e32-728e097879ad","libraryComponentBaseId":null,"parentSectionId":"d5fc7c0f-b075-4898-8fdc-ab51a37c6450"},"c62f61a5-6f62-4428-acba-e171863c9a9a":{"uid":"c62f61a5-6f62-4428-acba-e171863c9a9a","_state":{"style":{"default":{"width":"100%","cursor":"pointer","display":"flex","transition":"all 0.2s ease"},"_wwHover_default":{"display":"flex","opacity":"0.8"}},"states":[{"id":"_wwHover","label":"hover"}],"interactions":[]},"content":{"default":{"children":[{"uid":"7965a504-effe-4cb3-a61c-fbe85c27a566","isWwObject":true}],"_ww-layout_columnGap":"8px","_ww-layout_alignItems":"center"},"_wwHover_default":{}},"name":"Date Picker Trigger","wwObjectBaseId":"b783dc65-d528-4f74-8c14-e27c934c39b1","libraryComponentBaseId":null,"parentSectionId":"d5fc7c0f-b075-4898-8fdc-ab51a37c6450"},"aa2ee7c1-c860-4f06-b023-93dcf794af8e":{"uid":"aa2ee7c1-c860-4f06-b023-93dcf794af8e","_state":{"style":{"default":{"display":"flex"}},"states":[],"interactions":[]},"content":{"default":{"children":[{"uid":"758f1446-5477-4e6b-a31e-f2bebb0f5b0f","isWwObject":true},{"uid":"d39702bd-59c2-4513-b14e-54c807b6e383","isWwObject":true}],"_ww-layout_rowGap":"4px","_ww-layout_flexDirection":"column"}},"name":"Date Content","wwObjectBaseId":"b783dc65-d528-4f74-8c14-e27c934c39b1","libraryComponentBaseId":null,"parentSectionId":"d5fc7c0f-b075-4898-8fdc-ab51a37c6450"},"0d71788f-ef59-40a1-8410-9af9f2f0e669":{"uid":"0d71788f-ef59-40a1-8410-9af9f2f0e669","_state":{"style":{"default":{"width":"100%","margin":"0 0 24px 0","display":"block","padding":"32px","borderRadius":"12px","backgroundColor":"#f8f9fa"}},"states":[],"interactions":[]},"content":{"default":{"children":[{"uid":"e81a6811-f890-40f9-a1be-68df058d636d","isWwObject":true}]}},"name":"Header Container","wwObjectBaseId":"b783dc65-d528-4f74-8c14-e27c934c39b1","libraryComponentBaseId":null,"parentSectionId":"d5fc7c0f-b075-4898-8fdc-ab51a37c6450"},"c772ebbc-c84a-4eef-868b-1039ea6feac3":{"uid":"c772ebbc-c84a-4eef-868b-1039ea6feac3","_state":{"style":{"default":{"margin":"0"}},"states":[],"interactions":[]},"content":{"default":{"tag":"h1","text":{"de":"Deine Packliste","en":"Deine Packliste"},"_ww-text_text":{"de":"Deine Packliste","en":"Deine Packliste"},"_ww-text_color":"#1e293b","_ww-text_fontSize":"28px","_ww-text_fontWeight":"700"}},"name":"Title Text","wwObjectBaseId":"d7904e9d-fc9a-4d80-9e32-728e097879ad","libraryComponentBaseId":null,"parentSectionId":"d5fc7c0f-b075-4898-8fdc-ab51a37c6450"},"50a31e73-c4dc-4e1c-9754-f9b458dd2ee7":{"uid":"50a31e73-c4dc-4e1c-9754-f9b458dd2ee7","_state":{"style":{"default":{"display":"flex"}},"states":[],"interactions":[]},"content":{"default":{"children":[{"uid":"4570a1e6-89e9-476a-a5d1-8d1d5429b94d","isWwObject":true},{"uid":"c772ebbc-c84a-4eef-868b-1039ea6feac3","isWwObject":true}],"_ww-layout_rowGap":"12px","_ww-layout_columnGap":"12px","_ww-layout_alignItems":"center"}},"name":"Title Section","wwObjectBaseId":"b783dc65-d528-4f74-8c14-e27c934c39b1","libraryComponentBaseId":null,"parentSectionId":"d5fc7c0f-b075-4898-8fdc-ab51a37c6450"},"8d2abd7c-f4ed-405e-a5f2-65715db4311e":{"uid":"8d2abd7c-f4ed-405e-a5f2-65715db4311e","_state":{"style":{"default":{"display":"flex","padding":"12px 16px","borderRadius":"8px","backgroundColor":"#f1f5f9"}},"states":[],"interactions":[]},"content":{"default":{"children":[{"uid":"286bb2da-b046-440b-8b00-bce5845056f2","isWwObject":true},{"uid":"cd05894e-87e8-4113-be3c-38fb0c8c18bb","isWwObject":true}],"_ww-layout_rowGap":"8px","_ww-layout_columnGap":"8px","_ww-layout_alignItems":"center"}},"name":"Description Container","wwObjectBaseId":"b783dc65-d528-4f74-8c14-e27c934c39b1","libraryComponentBaseId":null,"parentSectionId":"d5fc7c0f-b075-4898-8fdc-ab51a37c6450"},"cd05894e-87e8-4113-be3c-38fb0c8c18bb":{"uid":"cd05894e-87e8-4113-be3c-38fb0c8c18bb","_state":{"style":{"default":{"margin":"0"}},"states":[],"interactions":[]},"content":{"default":{"tag":"p","text":{"de":"-","en":"Hier kommt eine beschreibung"},"_ww-text_text":{"de":"-","en":"Hier kommt eine beschreibung"},"_ww-text_color":"#64748b","_ww-text_fontSize":"14px","_ww-text_lineHeight":"1.5"}},"name":"Description Text","wwObjectBaseId":"d7904e9d-fc9a-4d80-9e32-728e097879ad","libraryComponentBaseId":null,"parentSectionId":"d5fc7c0f-b075-4898-8fdc-ab51a37c6450"},"c6eed79f-9de5-4836-aff4-b09ef52402df":{"uid":"c6eed79f-9de5-4836-aff4-b09ef52402df","_state":{"style":{"default":{"width":"100%","display":"flex"}},"states":[],"interactions":[]},"content":{"default":{"children":[{"uid":"50a31e73-c4dc-4e1c-9754-f9b458dd2ee7","isWwObject":true},{"uid":"e443d391-45f5-4a0f-986d-ef98a62953da","isWwObject":true}],"_ww-layout_alignItems":"center","_ww-layout_justifyContent":"space-between"}},"name":"Title Row","wwObjectBaseId":"b783dc65-d528-4f74-8c14-e27c934c39b1","libraryComponentBaseId":null,"parentSectionId":"d5fc7c0f-b075-4898-8fdc-ab51a37c6450"},"42ceaf8a-8160-4b54-8b75-94b812ed1837":{"uid":"42ceaf8a-8160-4b54-8b75-94b812ed1837","_state":{"style":{"default":{"width":"40px","height":"40px","display":"flex","borderRadius":"10px","backgroundColor":"#EFF6FF"}},"states":[],"interactions":[]},"content":{"default":{"children":[{"uid":"cacf70fa-a5d4-430d-ac6c-c03befd576cc","isWwObject":true}],"_ww-layout_alignItems":"center","_ww-layout_justifyContent":"center"}},"name":"Icon Container","wwObjectBaseId":"b783dc65-d528-4f74-8c14-e27c934c39b1","libraryComponentBaseId":null,"parentSectionId":"d5fc7c0f-b075-4898-8fdc-ab51a37c6450"},"cacf70fa-a5d4-430d-ac6c-c03befd576cc":{"uid":"cacf70fa-a5d4-430d-ac6c-c03befd576cc","_state":{"style":{"default":{"width":"24px","height":"24px"}},"states":[],"interactions":[]},"content":{"default":{"icon":"lucide/calendar","color":"#3B82F6"}},"name":"Calendar Icon","wwObjectBaseId":"1b1e2173-9b78-42cc-a8ee-a6167caea340","libraryComponentBaseId":null,"parentSectionId":"d5fc7c0f-b075-4898-8fdc-ab51a37c6450"},"d39702bd-59c2-4513-b14e-54c807b6e383":{"uid":"d39702bd-59c2-4513-b14e-54c807b6e383","_state":{"style":{"default":{"width":"300px"}},"states":[],"interactions":[]},"content":{"default":{"lang":"pageLang","use24":true,"format":"DD.MM.YYYY HH:mm","maxDate":null,"minDate":null,"dateMode":"datetime","maxRange":7,"minRange":2,"readonly":false,"required":true,"timezone":"locale","autoApply":true,"autoRange":1,"flowSteps":["month","year","calendar","time","minutes","hours","seconds"],"rangeMode":"free","startDate":null,"weekStart":"1","enableFlow":false,"triggerZone":[{"uid":"c62f61a5-6f62-4428-acba-e171863c9a9a","isWwObject":true}],"weekNumbers":"none","allowedDates":[],"customFormat":"","menuPosition":"center","advancedDates":false,"disabledDates":[],"enableSeconds":false,"selectionMode":"range","themeCellSize":"35px","themeFontSize":"16px","advancedColors":false,"advancedStyles":false,"initValueMulti":null,"multiCalendars":2,"themeIconColor":"#959595","themeTextColor":"#212121","calendarOnlyFit":"stretch","hideOffsetDates":false,"initValueSingle":null,"leftSidebarZone":[],"multiDatesLimit":0,"noDisabledRange":false,"themeHoverColor":"#f3f3f3","closeOnAutoApply":true,"disabledWeekDays":[],"rightSidebarZone":[],"themeBorderColor":"#ddd","themeCellPadding":"5px","themeDangerColor":"#ff6f60","enableLeftSidebar":false,"initValueRangeEnd":null,"stickedDatePicker":false,"themeBorderRadius":"4px","themeMenuMinWidth":"250px","themePrimaryColor":"#1976d2","themeSuccessColor":"#76d275","themeTimeFontSize":"32px","enableCalendarOnly":false,"enablePartialRange":true,"enableRightSidebar":false,"multiCalendarsSolo":false,"themeDisabledColor":"#f6f6f6","actionSelectElement":{"uid":"2992cdbb-3f90-468b-a4e0-5aa2f2a04e02","isWwObject":true},"initValueRangeStart":null,"themeHighlightColor":"#1976d219","themeHoverIconColor":"#959595","themeHoverTextColor":"#212121","themeScrollBarColor":"#959595","themeSecondaryColor":"#c0c4cc","enableMultiCalendars":false,"ignoreTimeValidation":false,"themeBackgroundColor":"#ffffff","themeMenuBorderColor":"#ddd","themePreviewFontSize":"13px","themeBorderHoverColor":"#aaaeb7","themeCellBorderRadius":"4px","themePrimaryTextColor":"#f8f5f5","disableMonthYearSelect":false,"preventMinMaxNavigation":false,"themeSuccessDisabledColor":"#a3d9b1","themeScrollBarBackgroundColor":"#f3f3f3"}},"name":"Date Range Picker","wwObjectBaseId":"985570fc-b3c0-4566-8004-82ab3b30a11d","libraryComponentBaseId":null,"parentSectionId":"d5fc7c0f-b075-4898-8fdc-ab51a37c6450"},"2992cdbb-3f90-468b-a4e0-5aa2f2a04e02":{"uid":"2992cdbb-3f90-468b-a4e0-5aa2f2a04e02","_state":{},"content":{"default":{"text":"Select","disabled":false,"buttonType":"button","_ww-text_text":"New text"}},"name":null,"wwObjectBaseId":"59dca300-db78-42e4-a7a6-0cbf22d3cc82","libraryComponentBaseId":null,"parentSectionId":"d5fc7c0f-b075-4898-8fdc-ab51a37c6450"}},"collections":[],"variables":[],"workflows":[],"formulas":[],"libraryComponents":[]}