{"cacheVersion":41,"page":{"id":"6498deef-88ed-4631-aeb4-67434de7a1e7","paths":{"en":"qr-code","default":"qr-code"},"cmsDataSetPath":null,"workflows":[]},"sections":{"daaee29c-3ba8-484c-9808-5c922b9b0748":{"uid":"daaee29c-3ba8-484c-9808-5c922b9b0748","linkId":"afd59983-80de-4dcf-81b6-8ca79ad36cd7","_state":{"style":{"default":{}}},"content":{"default":{"wwObjects":[{"uid":"e7a3a90e-3f58-43e4-8cc4-57bcf763aae1","isWwObject":true}],"_ww-layout_alignItems":"flex-start","_ww-layout_flexDirection":"column"}},"sectionBaseId":"99586bd3-2b15-4d6b-a025-6a50d07ca845","sectionTitle":"Section"}},"wwObjects":{"3c49f155-0655-4c26-b412-c9cb20b09c51":{"uid":"3c49f155-0655-4c26-b412-c9cb20b09c51","_state":{"style":{"default":{"width":"100%","padding":"16px","borderRadius":"8px","backgroundColor":"#f3f4f6"}},"states":[],"interactions":[]},"content":{"default":{"tag":"p","text":{"en":{"code":"variables['97d48d25-ea7d-4f8d-9649-4874be9c1ee2-scannedValue'] || 'Waiting for QR code...'","__wwtype":"f"}},"_ww-text_text":{"en":{"code":"variables['98e4024f-0ec7-455f-8096-ce7da6350010-scannedValue']|| 'Waiting for QR code...'","__wwtype":"f"}},"_ww-text_color":"#4b5563","_ww-text_fontSize":"18px","_ww-text_textAlign":"center"}},"name":"Scan Result","wwObjectBaseId":"d7904e9d-fc9a-4d80-9e32-728e097879ad","libraryComponentBaseId":null,"parentSectionId":"daaee29c-3ba8-484c-9808-5c922b9b0748"},"e7a3a90e-3f58-43e4-8cc4-57bcf763aae1":{"uid":"e7a3a90e-3f58-43e4-8cc4-57bcf763aae1","_state":{"style":{"default":{"width":"100%","margin":"0 auto","display":"flex","padding":"24px","maxWidth":"800px"}},"states":[],"interactions":[]},"content":{"default":{"children":[{"uid":"98e4024f-0ec7-455f-8096-ce7da6350010","isWwObject":true},{"uid":"3c49f155-0655-4c26-b412-c9cb20b09c51","isWwObject":true}],"_ww-layout_rowGap":"24px","_ww-layout_columnGap":"24px","_ww-layout_alignItems":"center","_ww-layout_flexDirection":"column"}},"name":"Scanner Container","wwObjectBaseId":"b783dc65-d528-4f74-8c14-e27c934c39b1","libraryComponentBaseId":null,"parentSectionId":"daaee29c-3ba8-484c-9808-5c922b9b0748"},"98e4024f-0ec7-455f-8096-ce7da6350010":{"uid":"98e4024f-0ec7-455f-8096-ce7da6350010","_state":{"interactions":[{"id":"14075a07-d00f-4989-ab4f-65d2c07d0c78","actions":{"73126ae5-bf4c-459c-9a72-916826775bf6":{"id":"73126ae5-bf4c-459c-9a72-916826775bf6","type":"variable","varId":"98e4024f-0ec7-455f-8096-ce7da6350010-scannedValue","internal":false,"varValue":{"code":"event?.['value']","__wwtype":"f"}}},"trigger":"scan","firstAction":"73126ae5-bf4c-459c-9a72-916826775bf6","triggerConditions":null}]},"content":{"default":{"autoStart":true,"borderRadius":"0px","showControls":true,"showScanline":true,"scanFrequency":100,"scanRegionSize":50,"showLastResult":false,"backgroundColor":"#FFFFFF00","preferredCamera":"environment","scanRegionEnabled":true,"showCameraPreview":true,"scanRegionBorderColor":"#D93F3F","scanRegionBorderWidth":7}},"name":null,"wwObjectBaseId":"a6c2c9bd-0dd4-45ff-aa20-181248bde7fd","libraryComponentBaseId":null,"parentSectionId":"daaee29c-3ba8-484c-9808-5c922b9b0748"}},"collections":[],"variables":[],"workflows":[],"formulas":[],"libraryComponents":[]}