{"cacheVersion":41,"page":{"id":"910d59d3-57ba-4bf4-89ef-7fed4563b39f","paths":{"en":"task","default":"task"},"cmsDataSetPath":null,"workflows":[]},"sections":{"9e829e88-900c-41f4-b285-ee9cf65174b5":{"uid":"9e829e88-900c-41f4-b285-ee9cf65174b5","linkId":"13d84540-0def-4f9b-aa16-7307a09daff5","_state":{"style":{"default":{"width":"100%","display":"flex","padding":"24px","overflow":"hidden","position":"relative","backgroundColor":"#FFFFFF"}},"states":[],"interactions":[]},"content":{"default":{"wwObjects":[{"uid":"d3d67802-45b4-466f-8395-eb3748f37751","isWwObject":true},{"uid":"bb6b7847-4c5e-483a-8128-b24640140c9b","isWwObject":true},{"uid":"467fad51-aae6-4364-bedf-91d99edc572c","isWwObject":true}],"_ww-layout_rowGap":"24px","_ww-layout_columnGap":"24px","_ww-layout_flexDirection":"column"}},"sectionBaseId":"99586bd3-2b15-4d6b-a025-6a50d07ca845","sectionTitle":"Skeleton Loader Section"}},"wwObjects":{"6e4b8327-2da4-48f3-98f0-86949eae3698":{"uid":"6e4b8327-2da4-48f3-98f0-86949eae3698","_state":{"style":{"default":{}}},"content":{"default":{"tag":"p","_ww-text_text":{"en":""}}},"name":null,"wwObjectBaseId":"d7904e9d-fc9a-4d80-9e32-728e097879ad","libraryComponentBaseId":null,"parentSectionId":"9e829e88-900c-41f4-b285-ee9cf65174b5"},"d3d67802-45b4-466f-8395-eb3748f37751":{"uid":"d3d67802-45b4-466f-8395-eb3748f37751","_state":{"style":{"default":{"width":"100%","margin":"0 0 32px 0","display":"flex","overflow":"hidden","position":"relative"}},"states":[],"interactions":[]},"content":{"default":{"children":[{"uid":"2ac6be66-1184-4e2e-874b-ceb7554fd86f","_state":{"style":{"default":{}}},"content":{"default":{"_ww-text_text":{"en":""}}},"version":4,"isWwObject":true,"wwObjectBaseId":"d7904e9d-fc9a-4d80-9e32-728e097879ad"},{"uid":"58e726be-1dc6-4dea-b2f9-8163e74e48de","isWwObject":true}],"_ww-layout_alignItems":"center","_ww-layout_justifyContent":"space-between"}},"name":"Header Skeleton","wwObjectBaseId":"b783dc65-d528-4f74-8c14-e27c934c39b1","libraryComponentBaseId":null,"parentSectionId":"9e829e88-900c-41f4-b285-ee9cf65174b5"},"67af9333-27f5-4543-87a1-9245d7d6c13a":{"uid":"67af9333-27f5-4543-87a1-9245d7d6c13a","_state":{"style":{"default":{}}},"content":{"default":{"tag":"p","_ww-text_text":{"en":""}}},"name":null,"wwObjectBaseId":"d7904e9d-fc9a-4d80-9e32-728e097879ad","libraryComponentBaseId":null,"parentSectionId":"9e829e88-900c-41f4-b285-ee9cf65174b5"},"bb5bd3a8-ccd6-4e43-a3a0-8be3dab10cf1":{"uid":"bb5bd3a8-ccd6-4e43-a3a0-8be3dab10cf1","_state":{"style":{"default":{}}},"content":{"default":{"tag":"p","_ww-text_text":{"en":""}}},"name":null,"wwObjectBaseId":"d7904e9d-fc9a-4d80-9e32-728e097879ad","libraryComponentBaseId":null,"parentSectionId":"9e829e88-900c-41f4-b285-ee9cf65174b5"},"bb6b7847-4c5e-483a-8128-b24640140c9b":{"uid":"bb6b7847-4c5e-483a-8128-b24640140c9b","_state":{"style":{"mobile":{"customCss":{"grid-template-columns":"repeat(1, 1fr)"}},"tablet":{"customCss":{"grid-template-columns":"repeat(2, 1fr)"}},"default":{"width":"100%","display":"grid"}},"states":[],"interactions":[]},"content":{"mobile":{"_ww-grid_columns":["1fr"]},"tablet":{"_ww-grid_columns":["1fr","1fr"]},"default":{"children":[{"uid":"794100b3-2bad-4fd0-b4e6-87617f0f0a26","_state":{"style":{"default":{}}},"content":{"default":{"_ww-text_text":{"en":""}}},"version":4,"isWwObject":true,"wwObjectBaseId":"d7904e9d-fc9a-4d80-9e32-728e097879ad"},{"uid":"07f5c77a-ad04-4493-adaf-d423a86ee698","isWwObject":true},{"uid":"786e3c6e-1a74-451f-9807-7e207d50eb81","isWwObject":true}],"_ww-grid_rowGap":"24px","_ww-grid_columns":["1fr","1fr","1fr"],"_ww-grid_columnGap":"24px"}},"name":"Content Grid","wwObjectBaseId":"b783dc65-d528-4f74-8c14-e27c934c39b1","libraryComponentBaseId":null,"parentSectionId":"9e829e88-900c-41f4-b285-ee9cf65174b5"},"00f3924a-f619-43c8-bc2c-87f8ba218193":{"uid":"00f3924a-f619-43c8-bc2c-87f8ba218193","_state":{"style":{"default":{}}},"content":{"default":{"tag":"p","_ww-text_text":{"en":""}}},"name":null,"wwObjectBaseId":"d7904e9d-fc9a-4d80-9e32-728e097879ad","libraryComponentBaseId":null,"parentSectionId":"9e829e88-900c-41f4-b285-ee9cf65174b5"},"2ac6be66-1184-4e2e-874b-ceb7554fd86f":{"uid":"2ac6be66-1184-4e2e-874b-ceb7554fd86f","_state":{"style":{"default":{"display":"flex","overflow":"hidden","position":"relative"}},"states":[],"interactions":[]},"content":{"default":{"children":[{"uid":"ca6bbf23-4d39-4aa8-aca1-b5818f0bc7ee","_state":{"style":{"default":{}}},"content":{"default":{"_ww-text_text":{"en":""}}},"version":4,"isWwObject":true,"wwObjectBaseId":"d7904e9d-fc9a-4d80-9e32-728e097879ad"},{"uid":"f3423773-65c9-4b07-a6e7-56d3e7832441","isWwObject":true}],"_ww-layout_rowGap":"8px","_ww-layout_columnGap":"8px","_ww-layout_flexDirection":"column"}},"name":"Title Skeleton","wwObjectBaseId":"b783dc65-d528-4f74-8c14-e27c934c39b1","libraryComponentBaseId":null,"parentSectionId":"9e829e88-900c-41f4-b285-ee9cf65174b5"},"e0c2cd64-7152-469c-91da-a4aafb50dac6":{"uid":"e0c2cd64-7152-469c-91da-a4aafb50dac6","_state":{"style":{"default":{"display":"flex","padding":"16px","borderBottom":"1px solid #E5E7EB"}},"states":[],"interactions":[]},"content":{"default":{"children":[{"uid":"4140e7d7-a518-4991-9d93-5c333b03e072","_state":{"style":{"default":{}}},"content":{"default":{"_ww-text_text":{"en":""}}},"version":4,"isWwObject":true,"wwObjectBaseId":"d7904e9d-fc9a-4d80-9e32-728e097879ad"},{"uid":"d5eb1e53-5020-4f9d-8187-a49e4b854db9","isWwObject":true}],"_ww-layout_rowGap":"16px","_ww-layout_columnGap":"16px"}},"name":"Table Row 2","wwObjectBaseId":"b783dc65-d528-4f74-8c14-e27c934c39b1","libraryComponentBaseId":null,"parentSectionId":"9e829e88-900c-41f4-b285-ee9cf65174b5"},"ca6bbf23-4d39-4aa8-aca1-b5818f0bc7ee":{"uid":"ca6bbf23-4d39-4aa8-aca1-b5818f0bc7ee","_state":{"style":{"default":{"width":"240px","height":"32px","display":"block","overflow":"hidden","position":"relative","customCss":{"custom-css":"@keyframes shimmer { 0% { transform: translateX(-100%); } 100% { transform: translateX(100%); } } &::after { content: ''; position: absolute; top: 0; right: 0; bottom: 0; left: 0; transform: translateX(-100%); background-image: linear-gradient(90deg, rgba(255,255,255, 0) 0%, rgba(255,255,255, 0.2) 20%, rgba(255,255,255, 0.5) 60%, rgba(255,255,255, 0)); animation: shimmer 2s infinite; }"},"borderRadius":"6px","backgroundColor":"#E5E7EB"}},"states":[],"interactions":[]},"content":{"default":{"children":[{"uid":"4.1","_state":{"style":{"default":{}}},"content":{"default":{"_ww-text_text":{"en":""}}},"version":4,"isWwObject":true,"wwObjectBaseId":"d7904e9d-fc9a-4d80-9e32-728e097879ad"}]}},"name":"Title Bar","wwObjectBaseId":"b783dc65-d528-4f74-8c14-e27c934c39b1","libraryComponentBaseId":null,"parentSectionId":"9e829e88-900c-41f4-b285-ee9cf65174b5"},"ad68538e-4ccf-4255-8b5c-98c504867f22":{"uid":"ad68538e-4ccf-4255-8b5c-98c504867f22","_state":{"style":{"default":{}}},"content":{"default":{"tag":"p","_ww-text_text":{"en":""}}},"name":null,"wwObjectBaseId":"d7904e9d-fc9a-4d80-9e32-728e097879ad","libraryComponentBaseId":null,"parentSectionId":"9e829e88-900c-41f4-b285-ee9cf65174b5"},"58e726be-1dc6-4dea-b2f9-8163e74e48de":{"uid":"58e726be-1dc6-4dea-b2f9-8163e74e48de","_state":{"style":{"default":{"width":"120px","height":"40px","display":"block","overflow":"hidden","position":"relative","customCss":{"custom-css":"@keyframes shimmer { 0% { transform: translateX(-100%); } 100% { transform: translateX(100%); } } &::after { content: ''; position: absolute; top: 0; right: 0; bottom: 0; left: 0; transform: translateX(-100%); background-image: linear-gradient(90deg, rgba(255,255,255, 0) 0%, rgba(255,255,255, 0.2) 20%, rgba(255,255,255, 0.5) 60%, rgba(255,255,255, 0)); animation: shimmer 2s infinite; }"},"borderRadius":"6px","backgroundColor":"#E5E7EB"}},"states":[],"interactions":[]},"content":{"default":{"children":[{"uid":"6.1","_state":{"style":{"default":{}}},"content":{"default":{"_ww-text_text":{"en":""}}},"version":4,"isWwObject":true,"wwObjectBaseId":"d7904e9d-fc9a-4d80-9e32-728e097879ad"}]}},"name":"Action Button Skeleton","wwObjectBaseId":"b783dc65-d528-4f74-8c14-e27c934c39b1","libraryComponentBaseId":null,"parentSectionId":"9e829e88-900c-41f4-b285-ee9cf65174b5"},"9621e94c-e1ed-4d94-8203-fbd744682137":{"uid":"9621e94c-e1ed-4d94-8203-fbd744682137","_state":{"style":{"default":{}}},"content":{"default":{"tag":"p","_ww-text_text":{"en":""}}},"name":null,"wwObjectBaseId":"d7904e9d-fc9a-4d80-9e32-728e097879ad","libraryComponentBaseId":null,"parentSectionId":"9e829e88-900c-41f4-b285-ee9cf65174b5"},"f3423773-65c9-4b07-a6e7-56d3e7832441":{"uid":"f3423773-65c9-4b07-a6e7-56d3e7832441","_state":{"style":{"default":{"width":"160px","height":"20px","display":"block","overflow":"hidden","position":"relative","customCss":{"custom-css":"@keyframes shimmer { 0% { transform: translateX(-100%); } 100% { transform: translateX(100%); } } &::after { content: ''; position: absolute; top: 0; right: 0; bottom: 0; left: 0; transform: translateX(-100%); background-image: linear-gradient(90deg, rgba(255,255,255, 0) 0%, rgba(255,255,255, 0.2) 20%, rgba(255,255,255, 0.5) 60%, rgba(255,255,255, 0)); animation: shimmer 2s infinite; }"},"borderRadius":"4px","backgroundColor":"#E5E7EB"}},"states":[],"interactions":[]},"content":{"default":{"children":[{"uid":"5.1","_state":{"style":{"default":{}}},"content":{"default":{"_ww-text_text":{"en":""}}},"version":4,"isWwObject":true,"wwObjectBaseId":"d7904e9d-fc9a-4d80-9e32-728e097879ad"}]}},"name":"Subtitle Bar","wwObjectBaseId":"b783dc65-d528-4f74-8c14-e27c934c39b1","libraryComponentBaseId":null,"parentSectionId":"9e829e88-900c-41f4-b285-ee9cf65174b5"},"f77b8053-a64f-4002-91cf-400fdf706d33":{"uid":"f77b8053-a64f-4002-91cf-400fdf706d33","_state":{"style":{"default":{}}},"content":{"default":{"tag":"p","_ww-text_text":{"en":""}}},"name":null,"wwObjectBaseId":"d7904e9d-fc9a-4d80-9e32-728e097879ad","libraryComponentBaseId":null,"parentSectionId":"9e829e88-900c-41f4-b285-ee9cf65174b5"},"dcd4dd4f-3179-487e-bf25-07cdf1094212":{"uid":"dcd4dd4f-3179-487e-bf25-07cdf1094212","_state":{"style":{"default":{}}},"content":{"default":{"tag":"p","_ww-text_text":{"en":""}}},"name":null,"wwObjectBaseId":"d7904e9d-fc9a-4d80-9e32-728e097879ad","libraryComponentBaseId":null,"parentSectionId":"9e829e88-900c-41f4-b285-ee9cf65174b5"},"f95348a0-958f-48a9-ad19-deddf0c1b88c":{"uid":"f95348a0-958f-48a9-ad19-deddf0c1b88c","_state":{"style":{"default":{"width":"60%","height":"24px","display":"block","borderRadius":"4px","backgroundColor":"#E5E7EB"}},"states":[],"interactions":[]},"content":{"default":{"children":[{"uid":"13.1","_state":{"style":{"default":{}}},"content":{"default":{"_ww-text_text":{"en":""}}},"version":4,"isWwObject":true,"wwObjectBaseId":"d7904e9d-fc9a-4d80-9e32-728e097879ad"}]}},"name":null,"wwObjectBaseId":"b783dc65-d528-4f74-8c14-e27c934c39b1","libraryComponentBaseId":null,"parentSectionId":"9e829e88-900c-41f4-b285-ee9cf65174b5"},"b4cf3f9e-1c08-4b64-a31d-e0fcc4c258e1":{"uid":"b4cf3f9e-1c08-4b64-a31d-e0fcc4c258e1","_state":{"style":{"default":{}}},"content":{"default":{"tag":"p","_ww-text_text":{"en":""}}},"name":null,"wwObjectBaseId":"d7904e9d-fc9a-4d80-9e32-728e097879ad","libraryComponentBaseId":null,"parentSectionId":"9e829e88-900c-41f4-b285-ee9cf65174b5"},"3f63c146-86b6-45fd-8dc3-70c0da80d999":{"uid":"3f63c146-86b6-45fd-8dc3-70c0da80d999","_state":{"style":{"default":{}}},"content":{"default":{"tag":"p","_ww-text_text":{"en":""}}},"name":null,"wwObjectBaseId":"d7904e9d-fc9a-4d80-9e32-728e097879ad","libraryComponentBaseId":null,"parentSectionId":"9e829e88-900c-41f4-b285-ee9cf65174b5"},"794100b3-2bad-4fd0-b4e6-87617f0f0a26":{"uid":"794100b3-2bad-4fd0-b4e6-87617f0f0a26","_state":{"style":{"mobile":{},"tablet":{},"default":{"display":"flex","padding":"24px","overflow":"hidden","position":"relative","customCss":{"custom-css":"@keyframes shimmer { 0% { transform: translateX(-100%); } 100% { transform: translateX(100%); } } &::after { content: ''; position: absolute; top: 0; right: 0; bottom: 0; left: 0; transform: translateX(-100%); background-image: linear-gradient(90deg, rgba(255,255,255, 0) 0%, rgba(255,255,255, 0.2) 20%, rgba(255,255,255, 0.5) 60%, rgba(255,255,255, 0)); animation: shimmer 2s infinite; }"},"borderRadius":"8px","backgroundColor":"#F3F4F6"}},"states":[],"interactions":[]},"content":{"mobile":{},"tablet":{},"default":{"children":[{"uid":"8.1","_state":{"style":{"default":{}}},"content":{"default":{"_ww-text_text":{"en":""}}},"version":4,"isWwObject":true,"wwObjectBaseId":"d7904e9d-fc9a-4d80-9e32-728e097879ad"}],"_ww-layout_rowGap":"16px","_ww-layout_columnGap":"16px","_ww-layout_flexDirection":"column"}},"name":"Card Skeleton 1","wwObjectBaseId":"b783dc65-d528-4f74-8c14-e27c934c39b1","libraryComponentBaseId":null,"parentSectionId":"9e829e88-900c-41f4-b285-ee9cf65174b5"},"2c4af4fb-911a-46db-beb2-1619e5fbcb77":{"uid":"2c4af4fb-911a-46db-beb2-1619e5fbcb77","_state":{"style":{"default":{}}},"content":{"default":{"tag":"p","_ww-text_text":{"en":""}}},"name":null,"wwObjectBaseId":"d7904e9d-fc9a-4d80-9e32-728e097879ad","libraryComponentBaseId":null,"parentSectionId":"9e829e88-900c-41f4-b285-ee9cf65174b5"},"07f5c77a-ad04-4493-adaf-d423a86ee698":{"uid":"07f5c77a-ad04-4493-adaf-d423a86ee698","_state":{"style":{"mobile":{},"tablet":{},"default":{"display":"flex","padding":"24px","overflow":"hidden","position":"relative","customCss":{"custom-css":"@keyframes shimmer { 0% { transform: translateX(-100%); } 100% { transform: translateX(100%); } } &::after { content: ''; position: absolute; top: 0; right: 0; bottom: 0; left: 0; transform: translateX(-100%); background-image: linear-gradient(90deg, rgba(255,255,255, 0) 0%, rgba(255,255,255, 0.2) 20%, rgba(255,255,255, 0.5) 60%, rgba(255,255,255, 0)); animation: shimmer 2s infinite; }"},"borderRadius":"8px","backgroundColor":"#F3F4F6"}},"states":[],"interactions":[]},"content":{"mobile":{},"tablet":{},"default":{"children":[{"uid":"9.1","_state":{"style":{"default":{}}},"content":{"default":{"_ww-text_text":{"en":""}}},"version":4,"isWwObject":true,"wwObjectBaseId":"d7904e9d-fc9a-4d80-9e32-728e097879ad"}],"_ww-layout_rowGap":"16px","_ww-layout_columnGap":"16px","_ww-layout_flexDirection":"column"}},"name":"Card Skeleton 2","wwObjectBaseId":"b783dc65-d528-4f74-8c14-e27c934c39b1","libraryComponentBaseId":null,"parentSectionId":"9e829e88-900c-41f4-b285-ee9cf65174b5"},"786e3c6e-1a74-451f-9807-7e207d50eb81":{"uid":"786e3c6e-1a74-451f-9807-7e207d50eb81","_state":{"style":{"mobile":{},"tablet":{},"default":{"display":"flex","padding":"24px","overflow":"hidden","position":"relative","customCss":{"custom-css":"@keyframes shimmer { 0% { transform: translateX(-100%); } 100% { transform: translateX(100%); } } &::after { content: ''; position: absolute; top: 0; right: 0; bottom: 0; left: 0; transform: translateX(-100%); background-image: linear-gradient(90deg, rgba(255,255,255, 0) 0%, rgba(255,255,255, 0.2) 20%, rgba(255,255,255, 0.5) 60%, rgba(255,255,255, 0)); animation: shimmer 2s infinite; }"},"borderRadius":"8px","backgroundColor":"#F3F4F6"}},"states":[],"interactions":[]},"content":{"mobile":{},"tablet":{},"default":{"children":[{"uid":"10.1","_state":{"style":{"default":{}}},"content":{"default":{"_ww-text_text":{"en":""}}},"version":4,"isWwObject":true,"wwObjectBaseId":"d7904e9d-fc9a-4d80-9e32-728e097879ad"}],"_ww-layout_rowGap":"16px","_ww-layout_columnGap":"16px","_ww-layout_flexDirection":"column"}},"name":"Card Skeleton 3","wwObjectBaseId":"b783dc65-d528-4f74-8c14-e27c934c39b1","libraryComponentBaseId":null,"parentSectionId":"9e829e88-900c-41f4-b285-ee9cf65174b5"},"5b758736-e562-48dd-b34d-b804dd4b1749":{"uid":"5b758736-e562-48dd-b34d-b804dd4b1749","_state":{"style":{"default":{}}},"content":{"default":{"tag":"p","_ww-text_text":{"en":""}}},"name":null,"wwObjectBaseId":"d7904e9d-fc9a-4d80-9e32-728e097879ad","libraryComponentBaseId":null,"parentSectionId":"9e829e88-900c-41f4-b285-ee9cf65174b5"},"12d04cc3-b9ea-4854-bd3f-ed1cb15d3e4b":{"uid":"12d04cc3-b9ea-4854-bd3f-ed1cb15d3e4b","_state":{"style":{"default":{}}},"content":{"default":{"tag":"p","_ww-text_text":{"en":""}}},"name":null,"wwObjectBaseId":"d7904e9d-fc9a-4d80-9e32-728e097879ad","libraryComponentBaseId":null,"parentSectionId":"9e829e88-900c-41f4-b285-ee9cf65174b5"},"73809e83-f78b-4a02-8cb8-22c12933295f":{"uid":"73809e83-f78b-4a02-8cb8-22c12933295f","_state":{"style":{"default":{"width":"50%","height":"24px","display":"block","borderRadius":"4px","backgroundColor":"#E5E7EB"}},"states":[],"interactions":[]},"content":{"default":{"children":[{"uid":"19.1","_state":{"style":{"default":{}}},"content":{"default":{"_ww-text_text":{"en":""}}},"version":4,"isWwObject":true,"wwObjectBaseId":"d7904e9d-fc9a-4d80-9e32-728e097879ad"}]}},"name":null,"wwObjectBaseId":"b783dc65-d528-4f74-8c14-e27c934c39b1","libraryComponentBaseId":null,"parentSectionId":"9e829e88-900c-41f4-b285-ee9cf65174b5"},"9356ac60-4769-4bdd-9bc5-07da6ba1d8f8":{"uid":"9356ac60-4769-4bdd-9bc5-07da6ba1d8f8","_state":{"style":{"default":{}}},"content":{"default":{"tag":"p","_ww-text_text":{"en":""}}},"name":null,"wwObjectBaseId":"d7904e9d-fc9a-4d80-9e32-728e097879ad","libraryComponentBaseId":null,"parentSectionId":"9e829e88-900c-41f4-b285-ee9cf65174b5"},"dad8f662-3b9b-468c-87c0-2b1fc7955612":{"uid":"dad8f662-3b9b-468c-87c0-2b1fc7955612","_state":{"style":{"default":{"display":"flex","padding":"16px","borderBottom":"1px solid #E5E7EB"}},"states":[],"interactions":[]},"content":{"default":{"children":[{"uid":"4670a039-0416-496a-baf2-9cb2ff50b70f","isWwObject":true},{"uid":"3e9b796f-7dde-4df3-875f-687c683f7c79","isWwObject":true}],"_ww-layout_rowGap":"16px","_ww-layout_columnGap":"16px"}},"name":"Table Row 1","wwObjectBaseId":"b783dc65-d528-4f74-8c14-e27c934c39b1","libraryComponentBaseId":null,"parentSectionId":"9e829e88-900c-41f4-b285-ee9cf65174b5"},"760c449d-bb1d-4cac-8d33-b498c25571d3":{"uid":"760c449d-bb1d-4cac-8d33-b498c25571d3","_state":{"style":{"default":{}}},"content":{"default":{"tag":"p","_ww-text_text":{"en":""}}},"name":null,"wwObjectBaseId":"d7904e9d-fc9a-4d80-9e32-728e097879ad","libraryComponentBaseId":null,"parentSectionId":"9e829e88-900c-41f4-b285-ee9cf65174b5"},"4140e7d7-a518-4991-9d93-5c333b03e072":{"uid":"4140e7d7-a518-4991-9d93-5c333b03e072","_state":{"style":{"default":{"width":"40%","height":"24px","display":"block","borderRadius":"4px","backgroundColor":"#E5E7EB"}},"states":[],"interactions":[]},"content":{"default":{"children":[{"uid":"16.1","_state":{"style":{"default":{}}},"content":{"default":{"_ww-text_text":{"en":""}}},"version":4,"isWwObject":true,"wwObjectBaseId":"d7904e9d-fc9a-4d80-9e32-728e097879ad"}]}},"name":null,"wwObjectBaseId":"b783dc65-d528-4f74-8c14-e27c934c39b1","libraryComponentBaseId":null,"parentSectionId":"9e829e88-900c-41f4-b285-ee9cf65174b5"},"f7b31514-2ac9-452e-80b2-4bbbf4261826":{"uid":"f7b31514-2ac9-452e-80b2-4bbbf4261826","_state":{"style":{"default":{}}},"content":{"default":{"tag":"p","_ww-text_text":{"en":""}}},"name":null,"wwObjectBaseId":"d7904e9d-fc9a-4d80-9e32-728e097879ad","libraryComponentBaseId":null,"parentSectionId":"9e829e88-900c-41f4-b285-ee9cf65174b5"},"d5eb1e53-5020-4f9d-8187-a49e4b854db9":{"uid":"d5eb1e53-5020-4f9d-8187-a49e4b854db9","_state":{"style":{"default":{"width":"60%","height":"24px","display":"block","borderRadius":"4px","backgroundColor":"#E5E7EB"}},"states":[],"interactions":[]},"content":{"default":{"children":[{"uid":"17.1","_state":{"style":{"default":{}}},"content":{"default":{"_ww-text_text":{"en":""}}},"version":4,"isWwObject":true,"wwObjectBaseId":"d7904e9d-fc9a-4d80-9e32-728e097879ad"}]}},"name":null,"wwObjectBaseId":"b783dc65-d528-4f74-8c14-e27c934c39b1","libraryComponentBaseId":null,"parentSectionId":"9e829e88-900c-41f4-b285-ee9cf65174b5"},"b9237b90-764f-432d-958a-7b1a587b61c8":{"uid":"b9237b90-764f-432d-958a-7b1a587b61c8","_state":{"style":{"default":{}}},"content":{"default":{"tag":"p","_ww-text_text":{"en":""}}},"name":null,"wwObjectBaseId":"d7904e9d-fc9a-4d80-9e32-728e097879ad","libraryComponentBaseId":null,"parentSectionId":"9e829e88-900c-41f4-b285-ee9cf65174b5"},"b65a18ca-3559-41ce-9b78-25b357357a6e":{"uid":"b65a18ca-3559-41ce-9b78-25b357357a6e","_state":{"style":{"default":{"width":"50%","height":"24px","display":"block","borderRadius":"4px","backgroundColor":"#E5E7EB"}},"states":[],"interactions":[]},"content":{"default":{"children":[{"uid":"20.1","_state":{"style":{"default":{}}},"content":{"default":{"_ww-text_text":{"en":""}}},"version":4,"isWwObject":true,"wwObjectBaseId":"d7904e9d-fc9a-4d80-9e32-728e097879ad"}]}},"name":null,"wwObjectBaseId":"b783dc65-d528-4f74-8c14-e27c934c39b1","libraryComponentBaseId":null,"parentSectionId":"9e829e88-900c-41f4-b285-ee9cf65174b5"},"b0516fe0-6b53-4488-ad69-1dff33022180":{"uid":"b0516fe0-6b53-4488-ad69-1dff33022180","_state":{"style":{"default":{}}},"content":{"default":{"tag":"p","_ww-text_text":{"en":""}}},"name":null,"wwObjectBaseId":"d7904e9d-fc9a-4d80-9e32-728e097879ad","libraryComponentBaseId":null,"parentSectionId":"9e829e88-900c-41f4-b285-ee9cf65174b5"},"c8a37c18-a136-495a-9c14-d23583381db8":{"uid":"c8a37c18-a136-495a-9c14-d23583381db8","_state":{"style":{"default":{"display":"flex","padding":"16px"}},"states":[],"interactions":[]},"content":{"default":{"children":[{"uid":"73809e83-f78b-4a02-8cb8-22c12933295f","_state":{"style":{"default":{}}},"content":{"default":{"_ww-text_text":{"en":""}}},"version":4,"isWwObject":true,"wwObjectBaseId":"d7904e9d-fc9a-4d80-9e32-728e097879ad"},{"uid":"b65a18ca-3559-41ce-9b78-25b357357a6e","isWwObject":true}],"_ww-layout_rowGap":"16px","_ww-layout_columnGap":"16px"}},"name":"Table Row 3","wwObjectBaseId":"b783dc65-d528-4f74-8c14-e27c934c39b1","libraryComponentBaseId":null,"parentSectionId":"9e829e88-900c-41f4-b285-ee9cf65174b5"},"8b5b45ac-d365-4fde-aa2a-c0786caa4ab8":{"uid":"8b5b45ac-d365-4fde-aa2a-c0786caa4ab8","_state":{"style":{"default":{}}},"content":{"default":{"tag":"p","_ww-text_text":{"en":""}}},"name":null,"wwObjectBaseId":"d7904e9d-fc9a-4d80-9e32-728e097879ad","libraryComponentBaseId":null,"parentSectionId":"9e829e88-900c-41f4-b285-ee9cf65174b5"},"3e9b796f-7dde-4df3-875f-687c683f7c79":{"uid":"3e9b796f-7dde-4df3-875f-687c683f7c79","_state":{"style":{"default":{"width":"100%","height":"100px","customCss":{"aspect-ratio":"unset"}}},"states":[],"interactions":[]},"content":{"default":{"items":1,"width":"100%","design":"basic","height":"100px","spacing":"0px","baseColor":"#72A6F3","borderRadius":"16px","shimmerColor":"#D2E4E4","animationDuration":1.6}},"name":null,"wwObjectBaseId":"ecf02545-0dd8-4db0-81be-fb4d15fe1e03","libraryComponentBaseId":null,"parentSectionId":"9e829e88-900c-41f4-b285-ee9cf65174b5"},"4670a039-0416-496a-baf2-9cb2ff50b70f":{"uid":"4670a039-0416-496a-baf2-9cb2ff50b70f","_state":{"style":{"default":{"width":"100%","height":"100px","aspectRatio":"unset","backgroundColor":"#E3E3E3"}}},"content":{"default":{"type":"rectangle","width":"auto","height":"auto","borderRadius":"8px","shimmerColor":"#F5F5F5","animationType":"shimmer","backgroundColor":"#000000","animationDuration":0.9}},"name":null,"wwObjectBaseId":"a311c0b1-c8ce-472b-abb1-e9b98b076e1b","libraryComponentBaseId":null,"parentSectionId":"9e829e88-900c-41f4-b285-ee9cf65174b5"},"467fad51-aae6-4364-bedf-91d99edc572c":{"uid":"467fad51-aae6-4364-bedf-91d99edc572c","_state":{"style":{"default":{"width":"100%","display":"flex","overflow":"hidden","position":"relative","customCss":{"custom-css":"@keyframes shimmer { 0% { transform: translateX(-100%); } 100% { transform: translateX(100%); } } &::after { content: ''; position: absolute; top: 0; right: 0; bottom: 0; left: 0; transform: translateX(-100%); background-image: linear-gradient(90deg, rgba(255,255,255, 0) 0%, rgba(255,255,255, 0.2) 20%, rgba(255,255,255, 0.5) 60%, rgba(255,255,255, 0)); animation: shimmer 2s infinite; }"},"borderRadius":"8px","backgroundColor":"#F3F4F6"}},"states":[],"interactions":[]},"content":{"default":{"children":[{"uid":"dad8f662-3b9b-468c-87c0-2b1fc7955612","_state":{"style":{"default":{}}},"content":{"default":{"_ww-text_text":{"en":""}}},"version":4,"isWwObject":true,"wwObjectBaseId":"d7904e9d-fc9a-4d80-9e32-728e097879ad"},{"uid":"e0c2cd64-7152-469c-91da-a4aafb50dac6","isWwObject":true},{"uid":"c8a37c18-a136-495a-9c14-d23583381db8","isWwObject":true}],"_ww-layout_flexDirection":"column"}},"name":"Table Skeleton","wwObjectBaseId":"b783dc65-d528-4f74-8c14-e27c934c39b1","libraryComponentBaseId":null,"parentSectionId":"9e829e88-900c-41f4-b285-ee9cf65174b5"}},"collections":[],"variables":[],"workflows":[],"formulas":[],"libraryComponents":[]}