{"cacheVersion":41,"page":{"id":"d53f5206-c31c-4ae6-a58c-7ab42fc1e311","paths":{"en":"smilys","default":"smilys"},"cmsDataSetPath":null,"workflows":[]},"sections":{"fe092a57-7a17-4480-8777-165be8677c52":{"uid":"fe092a57-7a17-4480-8777-165be8677c52","linkId":"b32f3a95-9421-419f-8ff8-6f90f1cf1427","_state":{"style":{"default":{}}},"content":{"default":{"wwObjects":[{"uid":"88045ddf-7a2f-45b3-8879-4290082baf55","isWwObject":true}],"_ww-layout_alignItems":"flex-start","_ww-layout_flexDirection":"column"}},"sectionBaseId":"99586bd3-2b15-4d6b-a025-6a50d07ca845","sectionTitle":"Section"}},"wwObjects":{"88045ddf-7a2f-45b3-8879-4290082baf55":{"uid":"88045ddf-7a2f-45b3-8879-4290082baf55","_state":{},"content":{"default":{"loop":false,"volume":1,"autoplay":false,"videoSrc":"https://api.tillyboard.com/storage/v1/object/public/system_images//631722_Monochrome%20Particles%20Water%20Fluid_By_Michael_Patti_Artlist_HD%20(1).mp4","playInline":true,"startMuted":false,"posterImage":"","showControls":true,"autoHideControls":true,"showBigPlayButton":true}},"name":null,"wwObjectBaseId":"a3191a7e-88b6-4e90-a36a-d86ae4700a1f","libraryComponentBaseId":null,"parentSectionId":"fe092a57-7a17-4480-8777-165be8677c52"}},"collections":[],"variables":[],"workflows":[],"formulas":[],"libraryComponents":[]}