{"cacheVersion":41,"page":{"id":"fc281129-cd99-4d59-821a-8ccddb7ccca4","paths":{"en":"vcard","default":"vcard"},"cmsDataSetPath":null,"workflows":[]},"sections":{"85c16d95-fb99-4b9b-99c3-59cd89018e3e":{"uid":"85c16d95-fb99-4b9b-99c3-59cd89018e3e","linkId":"0af64fd2-a5e4-4391-b495-d10246842c63","_state":{"style":{"default":{"display":"flex","padding":"48px 24px","minHeight":"100vh","backgroundColor":"#f8f9fa"}},"states":[],"interactions":[]},"content":{"default":{"wwObjects":[{"uid":"192a56b9-90b1-4edd-9f80-e30cee193f5b","isWwObject":true}],"_ww-layout_alignItems":"center","_ww-layout_justifyContent":"center"}},"sectionBaseId":"99586bd3-2b15-4d6b-a025-6a50d07ca845","sectionTitle":"Login Container"}},"wwObjects":{"192a56b9-90b1-4edd-9f80-e30cee193f5b":{"uid":"192a56b9-90b1-4edd-9f80-e30cee193f5b","_state":{},"content":{"default":{"buttonText":"Generate vCard","buttonColor":"#4a90e2","initialName":"","initialEmail":"","buttonTextColor":"#ffffff","namePlaceholder":"Enter your name","emailPlaceholder":"Enter your email"}},"name":null,"wwObjectBaseId":"7564f2e0-4877-4994-a550-d6653d6d1672","libraryComponentBaseId":null,"parentSectionId":"85c16d95-fb99-4b9b-99c3-59cd89018e3e"}},"collections":[],"variables":[],"workflows":[],"formulas":[],"libraryComponents":[]}